,y_test,prediction
7503,1743.0644,1172.5538
2957,356.8688,786.9148
7031,377.5086,725.63635
1084,5778.4782,4896.247
856,2356.932,2769.7285
4304,865.54,621.06836
2132,4613.994,5693.7544
1385,2410.8618,1859.2545
5239,1948.1308,1344.892
6516,1937.478,3095.3438
4509,210.3928,159.51614
1670,255.0014,830.9624
4313,4541.4218,4320.853
1623,657.8104,767.72644
5220,578.5802,723.8976
6753,4229.1616,5093.621
315,1267.0174,1858.6833
3524,2388.8904,1955.6023
7716,1797.66,1820.0916
2083,4447.544,3411.6882
4463,2570.6538,3112.3152
4411,1779.6834,2559.362
2112,4211.185,3375.5854
1057,3912.2408,2487.4478
868,2366.919,3023.2498
700,1298.31,1377.6924
6903,149.805,560.71826
4087,3916.2356,4065.4617
4562,2065.3116,2949.9326
8222,3029.39,4255.626
7660,788.3072,674.94275
5571,2566.659,2768.875
8407,575.2512,2171.2651
4983,1464.76,3085.9397
7703,617.8624,503.9035
1183,792.302,1393.0033
794,505.3422,1120.8278
5903,1470.0864,2314.127
8468,467.3916,1386.2819
6223,551.2824,2779.2756
7250,154.4656,182.19331
7145,885.514,2328.2847
2485,633.8416,1534.1893
789,1783.6782,1387.2041
233,2603.278,2534.9924
8242,605.878,1419.449
429,848.895,969.4397
1978,447.4176,793.2005
3092,3315.0182,4051.4297
1281,4264.449,2076.2114
2115,934.7832,800.7719
6250,3178.5292,2058.964
17,718.3982,821.5955
3204,311.5944,172.73103
8115,579.246,566.46387
6706,1506.0396,1786.1194
453,978.726,3278.4707
2647,1038.648,2006.5995
5706,701.7532,645.93414
6280,2614.5966,4542.206
7933,552.614,881.16644
6592,170.4448,558.57434
5487,1366.2216,2417.1064
239,241.6854,2283.0679
2522,2396.88,3147.3064
7787,2652.5472,2648.9958
5525,830.9184,1132.7422
3238,4950.8888,4010.9282
8325,771.6622,738.90985
212,2636.568,2603.4956
1427,1347.5792,883.54364
5414,150.4708,358.32065
6119,4566.0564,4027.4595
7814,1311.626,2404.8164
6758,1508.037,1418.9338
2684,1335.5948,1328.1221
1313,1901.5248,2659.1482
33,2174.5028,1561.5114
5780,1379.5376,2989.6003
2999,2141.2128,2813.7856
3428,552.614,777.98944
3231,3266.4148,3788.2866
5744,3920.2304,3806.6719
5382,3020.0688,2408.2812
7433,3896.2616,3027.5164
318,3877.6192,2480.3264
1328,5321.0736,3168.666
221,1416.8224,1870.8936
4879,2752.4172,3672.714
8263,4036.7454,2928.93
5990,1547.3192,5312.722
7426,1406.1696,1056.1823
8032,1194.4452,921.6501
4525,1895.5326,2349.5088
7652,1062.6168,786.14655
1195,1166.4816,763.637
766,379.506,850.4965
2246,293.6178,540.08215
2441,1332.9316,1381.394
4925,47.2718,85.9496
3050,3761.77,2572.242
625,1691.7978,4318.9395
7203,3616.6256,3631.5305
730,886.8456,743.95953
2067,1518.024,2395.4949
1598,1225.072,942.5142
7623,739.038,1078.913
2372,3803.0496,3039.707
7681,575.2512,727.2477
3244,722.393,1549.6569
3085,607.2096,649.6602
5213,3251.7672,2326.2573
457,1957.452,1682.7897
4690,966.7416,2615.6318
4560,181.0976,307.55887
940,735.709,756.4345
2589,6796.4864,6526.7295
3768,207.0638,1221.6881
4561,2183.824,1738.831
7071,5070.7328,3320.1013
4840,1161.1552,2177.2522
1323,3374.2744,3451.732
8415,2490.092,2515.3496
8260,410.1328,903.14014
6304,5163.9448,3456.8398
6379,2013.3792,1890.6804
4693,197.0768,289.0358
1803,3677.2134,2943.3782
6610,758.3462,637.38184
4094,7064.8038,3309.8164
7567,395.4852,14.449984
5064,2386.2272,1135.4156
8456,487.3656,2158.8782
5653,3769.7596,3136.5005
7722,1593.9252,2001.9811
4721,1145.176,1846.2672
2473,367.5216,2155.8704
7506,2736.438,3957.7495
2521,4234.488,2937.8042
19,2748.4224,3806.9468
2648,6306.4576,5302.7427
2802,3644.5892,6143.5566
2301,1864.24,1660.5032
8267,2567.3248,2753.8655
1090,1765.7016,2439.6985
2199,2616.594,3051.5845
6850,3016.7398,2376.6982
4745,3361.6242,3125.1423
5405,2929.52,3202.2065
1888,2984.1156,1789.9484
833,181.7634,316.88965
1111,705.748,634.7272
3412,1168.479,1071.6888
3590,6641.355,3064.802
7309,193.082,282.10648
3836,1743.0644,2540.617
487,75.2354,209.48259
6569,7105.4176,4324.1655
3143,1845.5976,2016.4532
2517,1326.2736,2968.016
3948,131.8284,130.0578
8,1076.5986,1563.0209
1721,3261.7542,2107.0112
2988,843.5686,2027.5206
5209,1948.1308,2689.2363
6663,199.74,711.3892
965,5469.547,5027.884
623,647.8234,1176.0101
5840,1446.1176,1758.4559
1438,1885.5456,1891.6085
7854,3635.268,2603.0566
5785,1584.604,1685.2086
6382,2059.9852,1930.9108
3114,459.402,793.40533
1606,1904.188,3198.4065
6214,1410.8302,2702.7395
5909,2404.2038,1405.1473
1559,3554.7062,3080.5862
1593,4514.124,3783.2769
1277,874.8612,754.7741
7759,1775.6886,641.24506
712,226.372,174.3277
2874,1518.024,1612.5052
811,2868.9322,2677.985
3358,2460.7968,1747.2507
5466,3199.169,2616.7493
5509,181.0976,433.46957
461,759.012,676.8728
5090,1895.5326,3268.502
1731,834.9132,599.57635
2698,1395.5168,1309.7565
6629,2418.1856,2129.4377
8326,3099.9648,3148.2844
1075,809.6128,781.114
5953,3383.5956,1707.2612
4660,952.7598,1665.2686
7450,2407.5328,2482.472
7547,1970.768,1541.5106
360,898.83,2940.6848
6422,1310.2944,1729.3988
3541,5522.811,2685.7295
8070,868.869,1629.3054
7947,1556.6404,2809.061
5679,2596.62,2548.4019
3350,3281.0624,1474.4064
6839,2433.499,2524.3206
879,1155.8288,805.80145
7542,785.644,1310.5083
2835,1480.7392,1459.4504
1320,3582.004,2704.828
4786,3331.6632,3249.5945
3002,591.8962,1410.805
3349,1006.6896,1347.0063
5483,524.6504,1478.9591
8187,864.2084,1228.7567
7953,271.6464,143.3628
6723,4984.1788,4352.36
3543,4815.0656,3833.086
6432,1471.418,1579.9343
5153,4374.306,3851.4446
6121,4287.752,2070.9153
2997,2103.928,4349.919
7796,7158.6816,3270.9382
1897,972.068,779.038
3016,1857.582,1543.8071
3213,7247.233,5696.3965
7055,4103.9912,2580.733
99,1314.2892,3184.8032
6020,1218.414,1053.0103
5444,6207.9192,3840.551
4591,1800.3232,4078.5393
4762,2024.032,1690.1155
6385,3739.1328,2241.5977
4936,529.311,625.7286
8144,1569.9564,4011.7354
6453,2014.7108,2085.0876
5515,2024.032,1610.3217
7659,4026.7584,1985.0062
5818,2576.646,2065.7441
1566,1342.2528,2747.8962
2464,3185.1872,2158.8552
4541,2105.2596,2061.405
5227,2106.5912,2408.4644
1867,209.727,506.20535
2499,2749.754,3178.9473
3685,2712.4692,3090.2905
7741,2078.6276,2479.4521
5982,194.4136,146.33186
5857,3515.424,2369.905
3916,1023.3346,649.1493
748,996.0368,902.4362
7024,1422.1488,2669.4683
4046,3675.216,3972.2693
1027,830.9184,951.35297
1421,2375.5744,2333.6724
3437,3571.3512,2848.1646
7740,4068.038,4519.003
3915,210.3928,1152.3776
5942,1211.756,1418.0547
5894,198.4084,172.31819
4896,4570.0512,3134.2083
6120,1813.6392,4092.2124
3210,5386.9878,3154.7017
1046,759.012,610.37537
7157,1270.3464,1693.057
6178,1182.4608,691.68005
5809,2460.7968,1655.6234
2145,3928.22,2428.0178
2008,2380.9008,2262.0674
6186,2387.5588,2575.9785
8137,1182.4608,2419.0781
5151,768.999,1061.401
7688,4687.232,3483.3462
4350,39.948,193.9954
4593,2916.204,2464.8894
4700,2759.0752,2754.0388
5507,739.038,449.97354
5417,2045.3376,2976.6199
353,2586.633,2803.9312
4638,540.6296,620.8362
2412,4845.0266,3882.8901
1123,1570.6222,3805.9058
676,1496.0526,3145.133
2771,1651.184,1644.0476
1650,7130.718,3248.9224
7661,1693.7952,1587.549
2794,934.7832,1714.085
1210,2832.979,2104.4639
1811,468.7232,946.5354
7464,2922.1962,2257.7566
1790,4111.9808,5243.135
6841,601.8832,1053.1959
1009,10236.675,6174.252
2865,1629.8784,1697.1677
7308,1428.141,1966.7582
710,387.4956,3188.1594
7470,659.142,240.99783
1550,2727.7826,2410.043
23,214.3876,255.5968
3043,1569.9564,1189.09
7610,455.4072,437.26587
6071,1267.6832,1407.3309
5642,5978.2182,3677.9448
7643,2492.7552,2950.7607
7654,1717.764,2675.2627
7067,1948.1308,2642.4683
7804,382.1692,473.38037
4209,175.7712,713.2186
6365,1677.816,1684.0697
6976,339.558,841.2664
6511,4454.202,3766.8335
1981,3563.3616,2272.3252
3795,563.2668,760.51996
5705,435.4332,366.23276
2252,283.6308,270.4968
1488,671.1264,2224.3792
4078,1659.1736,2799.6523
1744,939.4438,946.6006
6326,940.7754,1498.33
2955,2063.98,1682.4282
2404,3078.6592,2915.3748
5934,221.0456,122.78667
3012,852.224,486.12146
647,2478.7734,2107.3264
4110,2621.9204,1630.147
7617,2625.9152,2619.5286
8212,1981.4208,2998.2058
6472,3202.498,4188.271
3837,1435.4648,1683.9315
1858,1853.5872,1047.6257
7881,469.389,335.77393
8175,3352.303,4969.105
1166,659.142,934.0955
6675,371.5164,2219.9707
8292,543.2928,238.6043
3668,1390.1904,1966.6542
511,2403.538,2104.372
4763,4207.856,4770.6104
6080,83.8908,316.70975
5058,4504.8028,5585.316
7150,4407.596,3181.568
3305,1618.5598,2204.899
4609,1049.9666,667.02606
4379,605.878,727.7064
4877,2914.8724,4735.6074
4773,3131.9232,3344.1443
7069,3954.852,4074.7578
8359,645.1602,614.98987
291,3866.9664,4938.254
5749,1607.2412,697.0343
3973,552.614,629.07983
7973,1471.418,2312.8005
93,622.523,951.27856
1535,2554.0088,1503.0638
3441,1238.388,1894.497
1501,222.3772,196.0574
248,535.969,1125.0586
3341,299.61,156.53998
1322,3149.234,2449.491
2579,1584.604,1484.5326
7478,788.973,408.96628
6216,1105.228,1590.7505
3538,857.5504,796.16315
2578,2648.5524,2569.8953
1263,2373.577,1736.6151
4932,2460.7968,1956.308
319,4414.254,3678.034
2582,117.8466,296.5524
3903,7170.666,5236.2627
6726,396.8168,2654.6165
263,5359.69,3965.5437
2321,1134.5232,1538.3799
5001,1438.128,1125.2878
6127,1225.072,1874.4156
8492,2419.5172,1580.9949
185,1012.016,1216.9355
6757,2807.0128,2758.0364
1509,3078.6592,3009.1836
4162,2992.771,1712.0164
1922,4434.228,2828.4705
4982,3367.6164,3183.8372
5364,3903.5854,2333.7441
6987,5007.4818,3426.3723
7853,3515.424,6447.8286
6607,2966.139,3144.4824
1061,1160.4894,903.39105
8029,751.0224,4670.402
7064,2380.9008,3083.168
3689,671.1264,1076.1681
927,1569.9564,2684.904
2272,1478.076,652.926
3621,1165.15,709.0457
5493,1221.0772,3129.9717
3532,2220.443,1284.2979
3734,2878.2534,5026.1733
7423,1836.2764,2200.7483
3753,3998.7948,3116.2776
4899,5727.2116,4224.1465
6644,50.6008,127.21969
6175,3089.9778,2279.6355
5823,1416.8224,933.92365
7272,2659.871,2614.1702
2968,2143.876,1906.2017
217,260.9936,733.7984
6037,179.766,121.173
2905,2886.9088,2723.471
2407,71.9064,51.06937
4582,3495.45,4089.8704
5570,3844.995,1751.8657
8270,1937.478,2143.2163
4270,2360.9268,2449.4763
1465,4074.696,2749.2112
7834,1133.8574,1250.7771
6023,1492.0578,936.73724
7361,3151.8972,3033.3564
6253,1629.8784,3631.8708
7200,3448.844,2716.4355
5905,5608.6992,2939.8325
1467,6064.1064,5314.0845
2316,1724.422,3919.9949
6444,3844.995,3318.8726
7817,1584.604,3970.9482
1430,1661.8368,1101.3529
7379,555.2772,512.78455
3941,467.3916,573.98517
1103,5350.3688,2876.6138
6329,1351.574,1443.2532
4022,918.804,725.64355
7029,882.8508,871.4168
4730,5896.3248,3115.4353
7749,2972.797,2453.1953
2833,2133.2232,1821.3251
3921,2900.2248,4028.1396
6931,5634.6654,3138.0312
3889,245.6802,632.2172
6109,1655.1788,1244.246
3154,8912.3988,5415.714
7346,3545.385,1980.7343
5832,192.4162,679.1271
4956,4566.7222,3967.1692
2492,796.9626,1107.4447
3125,2603.278,2715.332
540,56.593,295.6878
6300,2239.0854,1663.7737
101,2854.9504,4784.345
222,265.6542,613.2
7564,802.9548,738.3032
5192,44.6086,69.861664
5226,490.0288,2261.6567
4959,111.8544,487.4269
2577,846.8976,1884.5249
1656,3455.502,2069.2747
4050,6114.7072,4716.798
1055,2874.9244,2829.4727
4395,2458.1336,3020.5327
2201,1223.0746,1689.025
8356,4026.7584,6171.759
5447,4532.7664,3629.9443
7333,585.904,414.21152
6373,2669.1922,1964.9482
3039,105.8622,96.63947
5114,351.5424,923.9629
3181,4414.254,2435.8264
5165,2954.1546,2613.1226
4366,4042.7376,4207.043
6441,1341.587,1497.896
8024,1772.3596,1260.6913
5893,2404.8696,2892.5188
1244,1540.6612,1949.1566
6115,2612.5992,2447.837
1339,2380.9008,3176.6777
7588,1845.5976,1647.1393
7640,697.7584,1328.3925
4623,1038.648,2881.558
7317,2306.997,3299.6248
3429,3418.883,3953.286
1543,78.5644,559.96735
4653,1225.072,1126.8456
1087,1522.0188,4641.0044
1417,2768.3964,3360.0916
3884,311.5944,206.63211
1512,1492.7236,1150.0803
4614,123.8388,666.36755
7355,80.5618,193.99466
2183,1518.024,1230.4148
3979,6471.576,3550.5876
8280,4326.3684,3299.645
3328,1398.18,3995.058
5587,1231.73,766.2973
346,1937.478,944.66437
5377,985.384,1659.8387
7971,1267.6832,1201.2698
4696,2534.0348,4618.802
2516,7590.12,3072.1394
601,1565.9616,2187.2024
1010,692.432,766.29315
3065,1705.1138,2076.9814
8243,2362.9242,2945.2258
5360,4566.7222,3420.5793
3424,1174.4712,2616.1504
4707,3486.1288,3878.3726
7255,517.3266,3036.4321
4629,447.4176,2089.443
349,2554.0088,3017.16
2406,3243.7776,1863.853
7395,303.6048,162.92328
5339,892.172,1489.5388
2603,736.3748,712.6144
8171,222.3772,1809.6699
2208,410.1328,290.77176
5867,439.428,1319.6957
2755,3275.736,1798.9574
6502,568.5932,630.33984
7794,1947.465,2476.055
6662,173.108,606.27277
586,665.8,1298.9813
7488,1249.0408,1237.0446
733,1807.647,1869.0558
2124,215.7192,252.32497
6257,1342.2528,1298.6969
4686,1619.2256,1651.3737
932,1215.7508,1611.2355
1127,6872.3876,4901.8037
4480,3797.7232,2944.723
7261,5375.6692,4005.4473
1527,729.7168,1345.4081
5407,1571.288,2459.386
3107,2695.1584,3157.537
3132,1966.7732,2520.6523
7358,2856.282,2120.0051
2984,1257.0304,2437.4963
4013,4857.6768,3960.3596
5427,44.6086,112.11875
7149,6474.2392,7064.341
4115,2237.088,2295.8008
5987,2956.152,2053.6626
1575,171.7764,491.55548
6601,319.584,1596.0681
2614,1279.0018,906.02576
2483,3153.2288,2991.8794
2513,3119.9388,2544.8447
3393,3403.5696,3100.9966
5819,729.7168,1169.3485
6684,157.1288,231.41362
3245,6291.81,3050.245
3382,1164.4842,1571.4594
2233,2857.6136,1484.906
8429,2876.256,2840.403
2471,1948.1308,3093.2996
3855,4540.756,2508.213
6464,2195.8084,1916.882
4793,663.1368,575.76324
1053,1330.2684,2055.6555
3295,1314.2892,790.21027
8060,143.8128,323.55896
6215,1030.6584,1127.6042
8177,1869.5664,3331.2456
2495,2372.9112,1048.8202
267,1081.925,1380.5225
3573,1518.024,2350.9292
6358,1378.206,2437.6926
7224,3415.554,2804.7925
8457,1516.6924,1307.2653
1044,6048.793,3576.9001
2820,1306.2996,3251.694
5553,2456.802,4275.545
1193,1571.288,2519.5247
2302,1907.517,2002.6959
2862,2239.0854,1919.5569
3942,4725.8484,3171.762
533,3299.7048,2239.625
908,657.8104,760.4189
7217,319.584,339.9652
3784,3109.9518,1957.8278
65,184.4266,367.13315
3614,1488.7288,1874.0247
354,1255.6988,799.7195
4368,2863.6058,2649.1597
6483,555.2772,642.76
1491,2380.235,2831.1414
2680,6852.4136,3954.713
3202,539.298,868.53784
1287,282.965,933.59485
5577,6002.8528,3663.8997
472,8114.7704,5219.665
4921,4579.3724,3555.3518
5067,4136.6154,3076.2747
1701,127.8336,190.25562
4949,2588.6304,2695.6677
5741,2668.5264,3335.2107
5279,2514.0608,2650.3853
2706,747.0276,2042.5408
3207,2606.607,1525.3999
4803,4199.8664,5641.066
1618,571.2564,928.9638
5751,490.6946,691.289
7078,3583.3356,2652.6814
1201,3383.5956,2606.0173
3966,747.0276,2038.086
3826,2969.468,2308.2449
6442,968.739,1011.14325
8472,1653.8472,5070.1147
5790,247.0118,466.89822
6029,3325.0052,2447.6792
4872,2940.1728,3161.961
2888,2167.179,1670.3868
518,3273.7386,2484.4336
6693,1957.452,2078.6338
7583,1867.569,1926.0353
8000,4454.202,2348.6367
6033,709.077,698.55145
4269,4266.4464,4274.0034
1402,768.999,579.70245
8229,3466.1548,3033.6902
6823,2773.057,3031.7358
8264,3705.177,2936.8923
1034,75.9012,79.6604
4939,1265.02,2179.838
6245,527.3136,1257.4203
6535,4165.2448,2895.1208
7202,4225.1668,3156.3945
5384,4012.7766,3190.568
8145,3292.381,2258.4265
2812,617.8624,1181.602
8338,3914.904,2095.276
2758,1768.3648,3457.5652
1219,866.8716,2062.338
4407,587.2356,1428.3552
8491,4809.7392,3441.31
2826,995.371,2693.2505
2750,4458.1968,3910.6553
1502,1707.777,1085.9087
6784,610.5386,1436.892
921,615.1992,1371.3875
2260,2070.638,3831.5796
1919,1482.0708,1442.2308
1662,1142.5128,1885.4481
1995,732.38,763.715
4347,525.982,108.192245
4726,303.6048,30.471004
5650,1235.059,2972.8472
177,161.1236,304.41577
4001,1315.6208,2712.134
132,6976.2524,5899.0054
2963,397.4826,446.35715
2917,1941.4728,1526.7106
7045,3523.4136,3671.9258
4376,195.7452,174.68129
6950,33.29,-66.60856
2481,1192.4478,1968.6534
1115,4029.4216,4772.149
4838,509.337,1971.1908
1147,1438.128,1559.8154
6429,4138.6128,3841.8303
6345,292.952,643.0581
4041,517.3266,1035.9133
4507,2770.3938,2141.833
5143,337.5606,1888.5592
4606,4660.6,3961.9282
6407,649.8208,556.3097
828,58.5904,173.44434
8488,2756.412,4983.187
408,1890.2062,1831.151
4528,1384.1982,2067.3977
6343,1593.9252,1392.155
2063,1779.0176,1802.3658
157,1910.1802,1331.387
7376,2399.5432,2065.747
7700,970.7364,1956.8088
2389,419.454,605.90015
7166,162.4552,510.7239
8490,487.3656,388.14474
7179,2042.6744,2360.469
1005,2157.192,1411.7032
6337,2954.1546,5200.0156
4534,3877.6192,2508.9001
7750,196.411,439.21732
37,1609.9044,1966.0963
5246,1245.046,2033.2272
866,4643.955,4152.255
4617,3453.5046,2993.8884
7538,1817.634,2699.4436
4965,2285.0256,1379.9257
2748,1686.4714,1604.6879
3777,3368.948,3837.947
1168,2519.3872,1955.3169
2142,1208.427,1386.2014
1472,2109.2544,2384.7466
2829,1874.8928,1884.2925
2807,2862.94,2065.1653
95,487.3656,184.25607
6554,3775.086,3026.1086
6961,2356.932,2413.3242
841,178.4344,221.19185
8499,2976.126,1598.9957
763,622.523,954.8476
3692,3529.4058,3236.4456
8379,2372.9112,2911.4392
4691,2025.3636,1609.7788
3898,2749.754,3037.207
1862,1017.3424,1916.0729
3882,3307.6944,4348.8413
5916,3745.125,2873.2146
4339,1114.5492,2190.8367
1737,1999.3974,3370.8496
1807,120.5098,279.3332
251,1779.0176,1613.6895
7476,1494.0552,1404.1265
334,229.701,187.18253
3296,308.9312,604.9821
1768,1398.18,1784.7141
6828,458.7362,613.2416
5309,593.2278,663.95526
1393,6897.688,5724.713
736,2626.581,2881.9094
6237,4181.224,3193.0144
3932,1145.176,420.89304
1595,1288.9888,1266.7107
6920,777.6544,792.2656
5492,2328.9684,1813.32
6141,4460.86,2786.3828
6813,1765.7016,2300.3975
1832,5785.802,3841.6858
3997,591.2304,525.0814
3626,351.5424,212.49266
1432,1655.1788,980.7553
8409,4090.6752,3735.755
4574,2303.668,1952.897
8500,1907.517,2259.7344
5242,1038.648,2016.8936
3127,2073.3012,1883.5374
7344,3225.1352,7300.894
80,1697.79,1707.7981
758,4592.0226,5891.4727
465,2048.6666,1877.262
7139,1896.1984,2175.9604
1233,159.792,254.03432
5152,2746.425,3170.254
4898,1413.4934,2106.1443
1839,363.5268,410.48898
7273,412.796,256.74533
1437,6018.1662,4499.42
1142,3747.1224,4743.806
7432,280.9676,325.43042
7599,334.2316,607.0597
3187,2553.343,2631.367
7611,1290.9862,2944.181
5282,612.536,941.316
5574,2759.0752,3152.145
2358,1379.5376,1620.6284
503,1869.5664,1072.5142
7735,4577.375,5319.493
274,2082.6224,1488.3163
321,4950.8888,3753.8184
4275,561.9352,2082.993
7835,57.2588,13.248568
3060,1203.7664,2447.149
496,2348.9424,3470.6638
6065,3954.852,3056.2405
4228,790.9704,340.23648
7223,2544.6876,3598.9915
8316,2363.59,1528.1549
3049,4578.0408,4389.473
5858,1369.5506,2074.8782
683,1488.063,1438.2081
6187,2404.8696,2009.6437
7372,1294.3152,535.41473
1261,2681.8424,2141.1296
7539,7017.532,6332.587
7365,595.2252,551.90704
3651,2763.07,1464.0071
2922,7142.7024,4949.8643
744,2924.8594,2084.3071
8437,2596.62,1697.323
3989,3197.1716,3436.1619
8017,765.67,1124.334
1732,3779.0808,2972.7505
7214,517.3266,470.7527
3379,727.0536,901.17487
1918,746.3618,706.98517
2484,1042.6428,626.48956
604,2812.3392,2372.708
2002,2693.8268,3432.9368
1962,425.4462,297.72516
6100,2259.0594,2285.3826
5402,1390.1904,1292.4247
4204,2396.88,4187.6606
3182,1142.5128,1338.4476
7170,1166.4816,1822.1251
5456,1018.0082,2348.167
3334,1017.3424,2198.1804
2029,1347.5792,1171.9668
4076,2450.144,2164.2427
2574,2607.2728,2003.9004
3649,5681.2714,5784.77
3518,4202.5296,5052.7773
532,95.8752,202.00505
2348,3455.502,3957.74
3023,351.5424,217.02876
5871,129.831,278.2467
5837,628.5152,360.63605
5185,8388.4142,5261.5693
3322,3495.45,2141.4973
2651,3643.2576,3743.7324
8216,3016.7398,2501.2915
554,4916.2672,3174.302
994,2982.784,2046.0975
6208,183.7608,457.4474
8146,1691.7978,4084.1191
2357,2439.4912,3310.0503
2313,131.1626,263.3393
8512,2479.4392,2415.0713
483,520.6556,1246.0513
4625,3551.3772,3641.2815
7766,1707.777,1935.1652
8033,1831.6158,1296.3131
997,9275.9256,3665.1833
4438,2120.573,2920.838
4195,2649.884,3908.5037
8022,5812.434,3066.5867
3852,1073.2696,1362.2413
1420,958.752,1685.7947
2580,3629.2758,2644.0564
2184,2406.2012,1486.6174
4262,1255.033,1619.9735
1864,1617.894,1759.8634
3312,2252.4014,1948.3995
48,2576.646,703.72424
7615,904.1564,1019.4492
4472,365.5242,256.04553
4604,3139.9128,2756.3306
6604,1418.154,1371.2952
742,258.3304,157.64116
7248,1289.6546,1700.165
2225,3744.4592,2508.9524
2894,1384.1982,2765.0906
5020,619.8598,1537.8766
1578,372.848,534.3075
7621,3137.2496,2696.4985
8097,1235.7248,1266.3864
8191,1286.3256,905.88654
3319,2614.5966,2279.9197
393,916.1408,529.9109
2795,308.9312,118.70846
230,4769.1254,4394.5347
5944,1034.6532,834.5109
5312,1840.937,3666.504
1483,3579.3408,3899.2615
7118,7190.64,4082.7908
7364,3894.93,2445.373
4128,2428.8384,2456.3936
6440,1113.2176,926.29376
2688,1860.2452,1046.4175
4608,3773.7544,3874.29
4527,2693.8268,2761.4504
6426,131.8284,951.1324
2918,1448.115,1368.913
4920,249.0092,997.5114
1197,3829.0158,2101.6104
8199,2748.4224,3984.3176
1199,519.324,726.2633
1533,1943.4702,1442.898
6816,2395.5484,2599.9
1056,2345.6134,3282.577
61,1062.6168,1430.3528
8378,810.9444,1988.258
1374,2518.7214,1896.0244
1480,1188.453,2660.778
7760,176.437,359.10223
402,6911.004,3818.4414
332,4425.5726,6308.33
6698,999.3658,858.99396
4071,3815.034,2831.9944
6477,2822.992,2698.494
5520,3301.7022,1838.8839
2882,1705.7796,1216.7136
5602,5179.924,3986.0994
3710,2451.4756,2789.0437
6960,1498.05,2354.4614
245,3755.112,4781.1147
6797,1238.388,1630.7017
3038,2852.2872,2635.6543
8230,703.0848,716.01544
4532,479.376,766.9639
7373,759.012,786.14655
1794,2808.3444,2229.0857
7866,385.4982,291.34882
2605,1807.647,2096.67
7386,369.519,298.24844
1429,711.0744,-45.91793
3095,529.311,436.30246
1297,2695.1584,4083.323
6026,1320.9472,1271.3739
7484,671.1264,3788.8623
1765,3547.3824,5456.888
6412,1557.972,1642.0074
6599,6251.862,4145.9956
2570,3643.2576,3092.1516
706,97.2068,321.93463
5035,978.726,2355.604
5476,193.7478,270.1998
2114,3372.9428,2987.0254
2107,6157.3184,2997.8242
538,1049.9666,867.83545
3123,663.1368,1649.8258
3487,1158.492,1659.7417
696,2816.334,3328.06
79,5305.0944,4106.6216
3320,4386.2904,2957.9602
379,4274.436,3597.6367
7171,3728.48,5180.3306
6138,1842.9344,3654.046
1536,2320.9788,2865.0085
7965,3103.9596,2907.035
50,3134.5864,2674.3352
8139,787.6414,1762.7802
1373,5426.27,3457.973
2138,575.2512,856.98676
2697,193.082,339.31396
381,1318.284,1372.4319
1345,2931.5174,2839.9802
743,3174.5344,2207.9346
1226,426.112,714.584
4477,517.9924,637.68823
3745,822.263,873.8793
982,384.8324,710.66656
1298,314.2576,690.3723
3720,7580.133,6845.0327
4818,4434.228,3690.7957
2215,600.5516,963.6764
6716,645.1602,699.6135
149,1969.4364,1957.7284
7527,1565.9616,1777.8619
7198,3981.484,2674.8816
445,1289.6546,1684.8339
1671,1078.596,313.43372
6251,2246.4092,2712.8413
6862,165.7842,76.749535
2818,263.6568,308.0232
169,619.194,745.9707
4906,93.8778,278.131
4161,1444.1202,2657.3794
4254,671.1264,468.32062
858,461.3994,305.82996
1649,4257.1252,4046.951
1017,703.0848,1907.1028
2458,2570.6538,3257.296
6048,2281.6966,1693.15
8413,1691.132,1479.9833
4342,2516.724,2117.9644
8448,2093.941,1763.5295
4129,3215.814,4216.8257
5952,121.1756,188.93556
6576,1034.6532,284.02774
3006,3611.2992,3869.6804
4267,2666.529,3092.627
2354,1060.6194,636.0696
7541,5097.3648,4243.739
7144,5944.2624,5351.122
6272,1707.777,3068.1177
8402,1679.1476,2062.587
3098,9467.676,5865.596
3076,187.7556,215.29361
4397,3466.1548,2529.5952
8521,1845.5976,1377.66
7632,41.9454,92.54303
8026,2218.4456,2809.4636
1022,352.874,538.54645
5931,1312.9576,551.42975
5912,719.064,763.156
509,95.8752,217.26736
5206,388.1614,681.6115
7747,2291.0178,2060.1565
7401,1640.5312,849.7032
3274,1025.332,1470.4285
2970,1198.44,875.3184
4382,889.5088,683.1994
5113,3004.0896,3206.1492
3457,3978.155,2749.9756
3892,2821.6604,3185.324
1282,1480.0734,3057.5405
1078,217.0508,278.34854
6531,356.8688,741.62415
6046,848.895,894.9438
6000,7393.0432,7657.6025
6884,5816.4288,3340.769
1835,6615.3888,3867.0493
862,2014.7108,2028.5505
7469,2302.3364,2906.2922
7984,1245.046,1590.5244
4705,41.9454,64.46081
1002,2656.542,1869.9872
181,988.713,3137.5078
3708,683.1108,2091.5498
7396,258.9962,56.97002
5673,3243.7776,3981.2993
5457,1603.9122,2697.9973
8336,164.4526,607.9194
4122,1549.9824,1905.9536
5328,3062.0142,2532.4595
682,3185.853,3543.4243
7015,1575.2828,2291.9338
5968,4996.829,4911.9473
6292,1457.4362,2134.7651
6242,1895.5326,2456.4473
199,5359.69,5734.4727
3026,838.908,1565.9227
6211,539.298,693.44696
1597,1893.5352,2579.6677
544,1531.34,1277.3782
180,6024.1584,4019.97
8459,741.0354,1742.8724
4765,3167.8764,4098.0537
41,2150.534,2162.7441
6068,1134.5232,1431.5391
6455,1458.102,1496.0483
8246,4673.916,1876.0262
1728,790.9704,1089.9128
3580,1402.1748,3871.256
8484,2324.9736,2032.3005
5813,1844.266,3286.11
7558,79.896,131.68373
4235,494.0236,613.1709
8307,1201.769,858.6853
8294,1925.4936,2336.7778
2111,4633.968,3496.9258
8302,1086.5856,1453.9033
6710,644.4944,977.32416
7195,1830.95,2389.3276
7946,3795.06,2910.1858
3411,1947.465,1257.5886
6354,307.5996,169.16995
4015,1406.1696,1449.1273
4035,579.246,577.5756
5664,5086.712,3303.148
4852,1923.4962,3411.3003
1176,339.558,436.5326
3842,4364.319,4508.175
7137,822.263,865.2104
2534,2535.3664,2878.633
6180,295.6152,610.0211
1934,2372.9112,3135.5017
8401,1395.5168,1452.5261
1608,4809.7392,3812.9026
1945,5369.0112,2927.0215
5627,589.233,647.3466
1746,404.8064,765.0463
2770,291.6204,361.4077
3755,3036.048,2131.289
3148,2034.019,2196.9714
4085,2120.573,2716.2563
5324,699.09,803.62115
5040,1843.6002,2101.8657
8365,128.4994,313.05124
4520,2302.3364,2003.8689
6743,265.6542,586.3372
6398,2607.2728,5700.5215
576,353.5398,659.6491
4723,1725.7536,3082.9402
5303,639.168,2048.5225
415,1571.288,2111.341
3217,1530.6742,1941.7197
8185,1084.5882,1750.0193
759,419.454,345.8366
6113,2818.3314,2701.6018
5925,418.1224,1654.2883
5557,559.272,633.5884
1076,623.1888,1040.6571
3375,352.874,371.48764
1139,2399.5432,3606.3381
328,3340.9844,3361.659
4343,1038.648,1888.7903
4863,335.5632,1271.0718
2585,4225.1668,2694.5515
1405,2492.7552,3517.0447
6260,2631.2416,2565.352
1346,1454.1072,1545.224
1513,4006.7844,1701.2639
3307,2069.3064,2951.7893
2778,2026.0294,2131.417
7822,719.064,1250.041
7077,736.3748,811.05457
5533,2182.4924,3389.668
3279,3219.8088,2358.8145
970,1998.7316,1640.2777
8075,316.9208,2654.8203
4184,1001.3632,610.768
8105,1155.8288,1467.8767
3000,2145.2076,3873.9236
3529,5546.114,3791.7454
4701,2220.443,1495.3997
8197,973.3996,902.6373
4190,2316.984,1904.5571
7033,1404.838,1965.6726
6182,3340.9844,2252.8884
3032,2458.1336,2970.499
8092,1929.4884,1479.5232
3891,1358.232,1701.2961
4597,3428.2042,2821.0015
6338,4442.2176,2955.0002
1672,1024.6662,1813.6848
8170,1653.8472,4405.161
5099,1061.951,1208.8107
7072,335.5632,200.24274
2018,181.0976,776.076
8431,848.895,955.5542
6377,587.2356,1479.6669
3792,3091.9752,4237.7505
3121,3415.554,2606.76
1330,1744.396,1334.5941
435,3038.7112,3103.8838
4486,782.9808,1610.3604
3378,1757.712,2387.8123
308,1039.9796,1509.2836
3370,275.6412,583.7322
87,3285.723,3927.863
2333,2059.9852,2431.8718
5761,5976.2208,4743.4155
1020,258.3304,39.122166
1586,2696.49,3144.4023
2777,595.2252,2822.5356
5540,857.5504,2158.3389
3939,1151.1682,2462.6873
4649,4530.1032,2661.7783
6590,3691.1952,2097.6292
6296,247.6776,495.12933
257,193.082,1517.1759
5850,1587.2672,1566.0369
5817,596.5568,784.8367
4905,735.0432,899.2972
7453,509.337,968.6117
5095,331.5684,270.02023
7209,3199.8348,1923.1621
2273,694.4294,1628.4635
5338,109.857,48.221607
737,1470.0864,2190.6672
2149,1537.998,1392.7637
2887,6359.7216,4567.8647
4747,3263.7516,2697.6785
543,1398.18,2059.9558
3377,1354.2372,2413.7224
7888,5193.9058,2929.1992
5555,1557.972,2078.1616
2249,986.7156,1219.6755
1992,1701.7848,1384.6646
6977,2199.8032,2599.9343
5277,1332.9316,1561.6715
7238,2787.0388,3003.811
800,1108.557,2176.4504
3355,1315.6208,2480.664
56,2117.244,1639.8763
69,2027.361,1522.6609
711,415.4592,823.8959
5386,191.0846,598.12683
265,2553.343,3114.2397
4412,492.692,1519.093
4961,9664.7528,4443.282
7324,796.9626,629.79114
7063,3735.8038,2891.8918
6673,1006.6896,4623.0874
6050,6303.7944,2819.3965
6394,1001.3632,727.63635
5803,1807.647,1672.621
5033,3052.0272,1887.2758
4034,107.8596,219.14713
8519,549.285,1648.9595
8394,309.597,1663.7095
5071,337.5606,353.3908
3299,5396.9748,3203.435
7325,2816.334,2835.037
7596,3735.8038,3348.4854
8211,2741.0986,1967.7119
5219,133.8258,709.5038
751,3435.528,3015.446
2676,4134.618,3302.9688
3027,5920.2936,2693.0374
3817,3558.0352,3263.7827
476,856.8846,1567.0885
8119,2371.5796,1502.5634
1952,554.6114,1268.9612
2663,102.5332,439.3229
211,5650.6446,3745.9963
468,2663.2,1430.5607
6536,88.5514,206.82935
8182,1225.072,1905.0173
5288,2376.906,3159.7468
1025,146.476,420.47464
6747,123.8388,298.29544
3693,2390.8878,1961.5378
1643,1198.44,2263.4705
6370,1662.5026,1844.684
6876,2591.2936,3259.4219
1703,4677.245,2502.4111
773,2746.425,1220.2383
5963,3398.2432,1990.6187
6919,3193.8426,4003.948
8380,3635.268,3887.26
4684,2313.655,1361.5051
641,6611.394,3010.6829
2266,1205.098,1799.773
7477,75.9012,24.36435
4047,2516.724,2425.569
6932,6308.455,3430.247
1295,1571.288,2609.2385
7982,2059.9852,2034.3789
1108,1606.5754,1143.473
5167,683.1108,1774.4523
7256,8323.8316,3381.128
4672,1797.66,2244.3098
4174,126.502,997.16943
6690,2247.075,1366.5406
2391,2024.032,2131.544
7616,1994.7368,2405.61
957,1798.9916,1825.7164
4428,575.2512,581.8712
3688,1454.1072,1907.5924
3153,2316.984,2959.885
3381,838.908,2224.8103
1452,773.6596,846.0988
118,2552.6772,2038.7524
5901,2277.036,4470.8896
3422,1843.6002,1695.55
1741,614.5334,706.75134
7709,2220.443,992.20856
6406,3085.3172,3719.3633
2867,180.4318,572.01447
2883,3113.2808,3511.6296
3405,340.2238,776.6614
1383,2988.1104,2654.353
1172,2251.7356,2011.0054
2627,2946.165,3446.5898
6523,4502.1396,2842.4072
4288,2098.6016,1839.2795
2927,1034.6532,1477.2671
4189,3238.4512,2761.4211
2623,1164.4842,1626.404
5428,2332.9632,1807.0195
7670,1278.336,1260.2046
5649,1021.3372,1166.187
7489,614.5334,735.1178
3482,5500.8396,4336.435
4647,2363.59,2733.101
3063,3110.6176,3188.88
4126,958.752,1923.87
5603,169.779,446.7573
815,721.0614,699.6368
7647,2741.7644,1473.4076
618,934.7832,1150.1044
6901,2988.1104,4644.834
1840,1037.3164,826.7877
4373,194.4136,-6.1022997
1042,3611.2992,2150.15
2210,3635.268,2139.6765
7941,79.2302,237.87592
1074,3013.4108,1555.8241
3434,3778.415,2029.408
179,3010.7476,2267.5466
7604,2263.72,1593.6677
6760,1470.0864,1765.6987
2879,491.3604,393.98257
4467,3426.2068,2906.0505
5815,4740.496,4211.0894
5834,141.8154,354.5199
5573,69.2432,657.6656
5391,1960.781,1405.4655
8249,3578.675,3592.1016
7546,4277.765,2712.5278
1820,2862.94,1932.3412
4812,91.8804,242.18877
5160,458.0704,918.99176
7896,1641.197,2812.8433
2283,1845.5976,1668.3186
8297,1607.907,1681.1537
5082,2782.3782,1987.126
1349,4567.388,3576.8484
3018,155.1314,446.23636
3992,2960.1468,2416.6853
8465,2726.451,2999.5852
6685,515.3292,494.5547
2221,2769.728,3013.4878
7535,3916.2356,4015.3516
4362,1201.769,873.1549
1665,3653.9104,3797.0146
6678,231.6984,277.32675
1720,1230.3984,2478.316
3540,110.5228,94.041405
2304,607.2096,1555.031
1163,1341.587,1317.2432
8183,1416.8224,1636.2142
7875,5522.811,6255.2686
1558,1765.0358,2058.2168
3539,1238.388,2177.6094
5842,1014.6792,1249.4814
5204,3476.1418,2456.2239
300,3251.7672,2683.6196
1144,261.6594,276.38925
2157,519.324,730.7124
2251,589.233,585.44904
1928,1897.53,2249.4517
2670,1611.236,2494.3193
2995,5466.8838,6453.218
3703,4904.2828,4286.8843
3101,978.726,1771.5323
4588,191.7504,59.860374
8123,3150.5656,3141.8408
1157,3048.6982,2590.9294
4125,1159.8236,1400.8812
486,942.7728,1871.1674
1180,2190.482,2179.3955
6751,1428.141,1574.585
4043,347.5476,494.52036
1877,1930.1542,2360.471
1783,2364.9216,2415.5728
5325,6207.9192,5388.7397
3333,2109.2544,1589.3232
7689,280.9676,302.9516
5634,469.389,163.0832
3297,1938.8096,3398.701
1817,4410.2592,3152.6135
5692,1340.2554,2094.186
2478,1356.2346,3310.2659
6688,5888.3352,4429.5557
6899,3861.64,3183.3152
8266,269.649,769.0808
5484,1178.466,1695.4384
665,450.0808,730.33374
5659,5375.0034,3350.3445
4513,1090.5804,1300.3989
642,3246.4408,2161.3833
2646,3282.394,1552.178
176,1010.6844,1548.529
2133,1431.47,2488.03
8419,942.107,3169.7905
786,1958.1178,1971.7798
4967,3146.5708,3105.403
3984,591.8962,1068.7533
5229,2759.0752,3133.1067
337,6410.3224,3763.6472
91,690.4346,666.8937
6925,3047.3666,3431.7354
3007,3439.5228,2206.3157
6794,2884.2456,2471.7285
7649,834.9132,616.56354
2399,3193.1768,2485.9329
530,1960.781,1545.5708
4224,491.3604,902.2647
996,1150.5024,2143.404
5685,2226.4352,800.49146
8352,635.1732,732.6534
1626,718.3982,909.73773
4038,700.4216,3029.0234
4502,158.4604,414.7575
106,1794.331,2796.1487
1894,958.752,910.92236
1018,1012.6818,1046.4952
131,1438.128,2730.5073
1971,5033.448,4302.4824
1747,974.0654,678.1056
6200,1057.9562,2527.5444
6098,2804.3496,3619.1716
2921,2093.2752,2860.145
2189,5243.8408,4595.7793
1400,3395.58,1666.9807
2897,892.172,731.6546
2944,157.1288,26.68662
4381,5880.3456,5122.756
3248,3974.826,3914.989
3034,1655.1788,1172.1836
5011,3155.892,4534.374
694,7488.9184,5097.071
7951,4218.5088,4011.787
6054,579.246,1863.6965
6025,166.45,541.51526
167,1743.0644,1684.515
2515,4761.8016,3177.552
367,2588.6304,1736.428
5144,6026.8216,5844.1475
6488,4740.496,4679.5547
1870,1685.8056,2147.809
3473,772.328,1613.2631
835,1547.3192,976.2355
5329,4294.41,2548.1082
5517,4146.6024,3695.3757
6410,5672.616,7201.179
7009,1927.491,2235.9707
7935,307.5996,1124.7256
5004,950.7624,943.1833
2926,1733.7432,2383.442
7181,639.168,1525.2498
5285,222.3772,312.589
5784,724.3904,400.95853
5137,2516.724,2501.8982
5224,549.285,431.28842
3003,2501.4106,2266.408
3151,2940.1728,3141.6194
5123,732.38,3624.9875
4355,4327.7,3137.6423
4335,3962.8416,3066.7642
2306,3169.208,3290.9885
5810,1039.9796,757.5273
100,1805.6496,2485.8052
3044,531.3084,815.0752
1426,1142.5128,1294.4396
5710,2013.3792,2939.566
6430,1370.2164,3297.5542
4319,1090.5804,1909.401
7233,259.662,834.4947
4092,647.1576,2473.9995
4709,2892.2352,1820.5969
3303,3515.424,2804.2336
1617,311.5944,299.9729
6822,3175.866,2947.1125
3555,2101.2648,2734.496
1315,1413.4934,1780.7042
7572,2681.8424,2151.3564
5146,761.6752,892.5504
4253,1267.6832,1419.5455
5216,2783.044,3200.0906
8093,1358.8978,1471.8776
4420,2131.2258,2586.9993
1562,3101.2964,4214.7295
1446,1323.6104,1384.6006
6414,365.5242,2253.063
2337,61.2536,194.46571
7571,1052.6298,918.3981
7870,1480.0734,2639.1252
73,2285.0256,3205.1187
8142,2430.17,2555.142
1699,665.8,402.07492
2638,502.0132,667.4339
4698,782.9808,577.7192
6003,1516.0266,1080.7009
3011,265.6542,1354.3358
2227,480.7076,3223.6467
8206,360.8636,399.03674
1659,988.713,1090.0044
3282,3453.5046,2849.7197
8471,2302.3364,2735.5845
5465,316.9208,390.55698
1203,2631.2416,1688.6305
7471,1798.9916,2134.1404
2932,5715.2272,3457.6824
4829,1125.8678,1745.5343
6425,463.3968,317.6847
5537,690.4346,687.57104
3739,964.0784,1913.16
31,2741.7644,1225.7125
3592,2510.066,3144.3457
7921,888.843,437.03384
7110,2644.5576,3290.1687
3815,745.696,793.89075
168,5555.4352,5306.61
1718,563.9326,746.7505
8031,246.346,266.90274
5076,319.584,706.1598
2966,143.8128,310.2807
4157,2141.2128,2894.344
2729,535.3032,2630.8489
805,3355.632,3189.0703
7743,1411.496,2509.9866
3418,562.601,771.8151
7456,820.2656,667.4138
6144,986.7156,2822.4163
5378,1065.28,3143.8687
1242,3769.7596,3534.234
5514,3880.2824,2546.5815
3978,882.8508,856.28864
7283,3848.324,4154.172
3624,1605.9096,2769.6191
2996,2651.2156,2044.1838
1479,4492.8184,2326.8035
7285,1290.3204,2216.7698
26,1065.28,881.4581
6768,1155.8288,2979.2134
2319,2999.429,2881.9368
3172,2889.572,1912.0126
2576,529.311,526.5847
5829,2687.8346,3758.049
1302,3008.0844,2656.305
5716,2324.9736,3468.2576
2006,2422.1804,1903.4838
7694,1035.9848,4449.679
7603,291.6204,280.10074
6967,2390.8878,2055.9148
7884,2218.4456,1131.0302
500,2330.3,1924.1526
7548,1534.0032,785.1012
437,687.1056,1858.2108
6228,1414.1592,2354.1387
5018,1589.2646,2090.6523
8065,4136.6154,3104.6487
2453,1325.6078,1906.1364
7516,4504.137,3271.058
5643,1860.2452,2539.9385
1941,525.982,258.77536
5647,5193.24,3369.9607
4287,2741.0986,2656.386
7081,392.822,284.4952
6473,353.5398,643.0959
6306,1017.3424,2401.8918
3806,1895.5326,2601.096
4191,1240.3854,1050.6178
2173,2768.3964,3489.1404
1039,1850.924,2556.5527
6729,3338.987,3229.204
1915,2133.2232,3788.7224
7065,2749.754,3335.3506
6086,2404.8696,3487.9778
7684,5343.045,3539.879
5072,2631.2416,1675.8253
107,2530.7058,2025.2748
2726,2556.672,2371.2476
2275,4514.124,2520.3154
1414,3420.8804,6490.1924
534,2684.5056,2539.1555
7911,2450.144,2159.0632
4474,1091.2462,1566.3622
585,1905.5196,1598.9055
8450,1844.9318,1665.4344
7085,4482.1656,4238.3896
5908,126.502,404.31305
2344,1095.241,2858.7078
7360,2748.4224,4103.195
4651,2048.6666,2071.6274
491,3486.1288,6749.5493
5711,1877.556,2166.007
218,3690.5294,2658.0603
2664,291.6204,890.03064
8250,228.3694,753.29016
5556,2001.3948,3053.1738
4348,2048.6666,1971.9976
2498,2167.8448,1415.0125
852,2691.8294,3666.2017
3686,1058.622,1713.1066
4903,1794.331,2621.4968
2131,115.8492,371.40625
3909,2184.4898,1880.8901
6622,460.7336,223.12576
7844,1704.448,1391.0028
1616,549.285,412.46164
2455,3506.7686,2342.7651
4861,113.8518,217.0351
6550,527.3136,575.8855
6267,5592.72,2124.5603
397,2954.1546,2522.022
1317,1721.093,2724.0862
7183,2116.5782,3199.7798
121,2085.9514,2649.3774
401,426.112,1416.5612
111,2732.4432,1544.7086
2088,101.2016,139.15862
3235,774.9912,816.8862
5611,4233.1564,4477.9893
5363,1435.4648,1668.1177
5613,3942.8676,3266.212
2287,221.0456,330.63303
6952,139.818,324.93585
4446,4106.6544,2909.5295
8084,1544.656,2579.9692
1557,1462.0968,2109.4082
6545,2184.4898,1892.6378
5549,1687.1372,1815.8644
573,295.6152,1132.2217
1758,108.5254,123.50515
5550,7602.1044,3877.9167
6128,2162.5184,2350.367
2456,3560.6984,1776.7943
7278,326.242,273.55917
1407,4500.808,3844.4338
535,2085.2856,2991.6956
5125,539.298,992.69495
7497,1956.1204,1240.8555
2840,152.4682,382.28375
5583,3520.0846,4391.271
1434,146.476,318.5086
4564,1846.9292,1646.3451
6620,1158.492,1861.0641
1221,221.0456,931.88666
7493,695.0952,1291.4652
6581,365.5242,222.38483
1775,2748.4224,2480.2065
1454,107.8596,120.3678
4498,5229.1932,3640.87
473,1713.7692,2209.6382
6125,5522.811,3786.4702
4328,5690.5926,2995.8572
881,3412.8908,2075.202
51,850.8924,2175.6562
8291,451.4124,561.94556
6011,1531.34,1308.2817
4594,3719.1588,5002.7495
5527,2365.5874,2060.7686
469,1146.5076,2832.3125
4383,3435.528,3093.089
6309,4377.635,4986.0547
8319,4210.5192,3984.1812
247,974.7312,2748.227
4586,2053.3272,2791.6453
6654,4527.44,3469.3586
865,2157.192,1939.0339
761,323.5788,1711.9657
4201,2277.7018,4446.7246
2022,2087.9488,1145.4332
8285,1604.578,2471.1191
5590,1000.6974,1365.0149
1740,218.3824,296.22415
3077,792.302,1467.1498
425,5642.655,4018.784
188,2336.958,3134.842
6965,1877.556,1945.5134
3721,3383.5956,3824.0022
228,1649.8524,1521.7993
7212,3436.1938,5815.4346
1729,2980.1208,3819.996
693,1707.777,1437.2931
1041,3542.056,2451.2664
4901,4986.842,3955.152
4512,383.5008,903.8392
6539,3281.0624,3819.5955
5712,4247.804,3377.279
8362,2862.94,3905.4905
4374,535.3032,2506.2065
7675,2109.2544,4080.607
801,1304.968,2912.4346
1487,2241.0828,4492.859
6686,1677.816,1368.0674
1739,1342.2528,1404.4137
4539,1406.1696,2251.1943
4769,4206.5244,4413.0537
1128,1506.0396,1407.0627
6058,1715.1008,1310.3384
4147,374.1796,626.8292
3625,1323.6104,2881.0688
4584,982.7208,1048.8251
58,4910.275,3250.812
7375,1557.972,1461.8309
2549,6381.693,2018.4111
4024,635.1732,807.6716
2303,5660.6316,3404.2864
3589,265.6542,410.4551
4996,914.8092,2310.7168
8158,1406.1696,2057.0898
96,1231.73,3674.664
5361,1750.3882,2801.9243
960,1864.24,2963.7112
326,994.7052,2718.7393
3159,3448.844,2810.214
1632,1975.4286,1462.3473
877,1929.4884,1559.1002
4842,3036.048,2120.0562
6770,3942.8676,3272.0623
156,262.3252,2151.4397
4538,1324.942,393.16467
3570,1298.31,2087.6243
6836,111.8544,137.15472
3859,308.9312,562.0715
5409,3904.917,3753.2407
611,543.2928,1534.1893
7897,1880.885,875.5441
2226,2749.754,3516.284
3544,4414.9198,4518.059
1844,1138.518,1692.8491
1188,778.986,2364.3418
5652,852.224,849.54315
5331,739.038,888.1896
4104,2912.2092,1734.5215
447,790.9704,697.96234
6524,703.0848,1282.1467
8131,4729.8432,5644.4805
2127,4211.185,2974.396
592,2942.836,2070.0193
3265,1659.1736,3983.8928
3055,572.588,528.5999
5666,2966.139,1635.0074
1691,1384.1982,2847.716
7906,427.4436,431.1917
2929,4604.6728,4078.4463
8424,3739.1328,3872.6165
4302,3338.987,3206.0918
847,87.2198,170.70236
4824,5683.2688,3972.2927
6779,123.8388,151.82047
624,4993.5,3792.8972
7784,2681.8424,2068.1836
3910,1621.8888,2829.7805
5454,3094.6384,2725.9485
5771,319.584,372.1734
3070,2293.0152,1598.656
8283,1845.5976,1458.5214
756,1061.951,1625.107
2941,1990.742,2628.568
2191,521.9872,543.4709
4168,4396.9432,2403.922
5928,980.0576,886.1228
4205,5487.5236,3870.7385
5822,1860.2452,1342.7169
7797,383.5008,708.6842
6275,1938.8096,2062.0005
5581,3831.0132,3219.2502
6198,3214.4824,2956.944
7205,3004.0896,2057.158
3257,890.8404,2127.56
6346,629.181,702.9217
6318,253.004,651.0241
6339,976.7286,1614.3282
